<?xml version="1.0" encoding="UTF-8"?>
<project xmlns="http://maven.apache.org/POM/4.0.0" xmlns:xsi="http://www.w3.org/2001/XMLSchema-instance" xsi:schemaLocation="http://maven.apache.org/POM/4.0.0 http://maven.apache.org/maven-v4_0_0.xsd">
  <modelVersion>4.0.0</modelVersion>
  <groupId>cisc.udel</groupId>
  <artifactId>StudentLoanCalc</artifactId>
  <version>0.0.1-SNAPSHOT</version>
  <build>
    <plugins>
      <plugin>
        <artifactId>maven-shade-plugin</artifactId>
        <version>3.2.1</version>
        <executions>
          <execution>
            <phase>package</phase>
            <goals>
              <goal>shade</goal>
            </goals>
            <configuration>
              <transformers>
                <transformer>
                  <mainClass>app.StudentCalc</mainClass>
                </transformer>
              </transformers>
            </configuration>
          </execution>
        </executions>
      </plugin>
      <plugin>
        <artifactId>maven-compiler-plugin</artifactId>
        <version>3.8.0</version>
        <configuration>
          <release>17</release>
        </configuration>
      </plugin>
      <plugin>
        <groupId>org.openjfx</groupId>
        <artifactId>javafx-maven-plugin</artifactId>
        <version>0.0.2</version>
        <configuration>
          <mainClass>app.StudentCalc</mainClass>
        </configuration>
      </plugin>
    </plugins>
  </build>
  <dependencies>
    <dependency>
      <groupId>org.junit.jupiter</groupId>
      <artifactId>junit-jupiter-api</artifactId>
      <version>5.3.1</version>
      <scope>test</scope>
      <exclusions>
        <exclusion>
          <artifactId>opentest4j</artifactId>
          <groupId>org.opentest4j</groupId>
        </exclusion>
      </exclusions>
    </dependency>
    <dependency>
      <groupId>org.junit.jupiter</groupId>
      <artifactId>junit-jupiter-engine</artifactId>
      <version>5.3.1</version>
      <scope>test</scope>
      <exclusions>
        <exclusion>
          <artifactId>junit-platform-engine</artifactId>
          <groupId>org.junit.platform</groupId>
        </exclusion>
      </exclusions>
    </dependency>
  </dependencies>
  <properties>
    <hibernate.version>5.0.2.Final</hibernate.version>
    <spring-framework.version>5.1.8.RELEASE</spring-framework.version>
    <JavaFX.Version>17.0.1</JavaFX.Version>
    <slf4j.version>1.7.12</slf4j.version>
    <junit-platform.version>5.3.1</junit-platform.version>
    <java.version>1.17</java.version>
    <project.build.sourceEncoding>UTF-8</project.build.sourceEncoding>
    <junit.version>4.12</junit.version>
    <JavaFX.Platform>mac</JavaFX.Platform>
    <project.reporting.outputEncoding>UTF-8</project.reporting.outputEncoding>
    <logback.version>1.2.3</logback.version>
  </properties>
</project>
